{
  "10": {
    "totalHours": 47.45000000000001,
    "totalCategories": {
      "Team": 1.2,
      "DaaS": 0.25,
      "Week Prep": 0.5833333333333334,
      "SKD": 35,
      "Culture": 1.8333333333333335,
      "ITT": 0.16666666666666666,
      "BCW": 4.166666666666667,
      "Prep": 0.25,
      "Catching Up": 0.41666666666666663,
      "SCO": 0.08333333333333333,
      "SE": 0.16666666666666666,
      "Feedback Friday": 1.5,
      "Lunch": 0.5833333333333334,
      "Accountability": 0.75,
      "Getting Coaching": 0.5
    },
    "03 - 07": {
      "totalHours": 47.45000000000001,
      "categories": {
        "Team": { "hours": 1.2, "percentage": 2.528977871443624 },
        "DaaS": { "hours": 0.25, "percentage": 0.5268703898840884 },
        "Week Prep": {
          "hours": 0.5833333333333334,
          "percentage": 1.229364243062873
        },
        "SKD": { "hours": 35, "percentage": 73.76185458377238 },
        "Culture": {
          "hours": 1.8333333333333335,
          "percentage": 3.863716192483315
        },
        "ITT": {
          "hours": 0.16666666666666666,
          "percentage": 0.35124692658939227
        },
        "BCW": { "hours": 4.166666666666667, "percentage": 8.781173164734806 },
        "Prep": { "hours": 0.25, "percentage": 0.5268703898840884 },
        "Catching Up": {
          "hours": 0.41666666666666663,
          "percentage": 0.8781173164734806
        },
        "SCO": {
          "hours": 0.08333333333333333,
          "percentage": 0.17562346329469614
        },
        "SE": {
          "hours": 0.16666666666666666,
          "percentage": 0.35124692658939227
        },
        "Feedback Friday": { "hours": 1.5, "percentage": 3.1612223393045307 },
        "Lunch": {
          "hours": 0.5833333333333334,
          "percentage": 1.229364243062873
        },
        "Accountability": { "hours": 0.75, "percentage": 1.5806111696522653 },
        "Getting Coaching": { "hours": 0.5, "percentage": 1.0537407797681768 }
      }
    }
  },
  "09": {
    "totalHours": 139.83333333333337,
    "totalCategories": {
      "Catching Up": 2.716666666666667,
      "SKD": 41.21666666666667,
      "NextGen": 2.9166666666666665,
      "Learn": 5,
      "Talking": 2.05,
      "Team": 9.683333333333334,
      "Portal": 2.4166666666666665,
      "Optimization": 1.25,
      "Untracked": 1,
      "DT": 16.083333333333332,
      "DaaS": 6.116666666666666,
      "Conversations": 3,
      "SE": 7.6,
      "Culture": 2.8833333333333333,
      "FF": 0.18333333333333335,
      "IT": 0.16666666666666666,
      "Miles": 0.4166666666666667,
      "Sheet": 4.583333333333334,
      "Isaiah": 2.4,
      "Optimizing": 1.2,
      "Video": 3.25,
      "Other": 1.25,
      "Lunch": 2,
      "NextGen Tec": 9.25,
      "Forum": 8.666666666666666,
      "SCO": 1.25,
      "Processes": 1.0833333333333333,
      "Tem": 0.08333333333333333,
      "BCW": 0.11666666666666667
    },
    "26 - 30": {
      "totalHours": 38.283333333333324,
      "categories": {
        "Catching Up": {
          "hours": 1.3333333333333335,
          "percentage": 3.482803656943841
        },
        "SKD": { "hours": 17.233333333333334, "percentage": 45.01523726599914 },
        "NextGen": {
          "hours": 2.9166666666666665,
          "percentage": 7.6186329995646505
        },
        "Learn": { "hours": 0.5, "percentage": 1.3060513713539401 },
        "Talking": { "hours": 0.5, "percentage": 1.3060513713539401 },
        "Team": {
          "hours": 3.9833333333333334,
          "percentage": 10.404875925119724
        },
        "Portal": { "hours": 1.25, "percentage": 3.26512842838485 },
        "Optimization": { "hours": 1.25, "percentage": 3.26512842838485 },
        "Untracked": { "hours": 0.5, "percentage": 1.3060513713539401 },
        "DT": { "hours": 1.5833333333333333, "percentage": 4.135829342620811 },
        "DaaS": {
          "hours": 0.6666666666666667,
          "percentage": 1.7414018284719206
        },
        "Conversations": { "hours": 3, "percentage": 7.836308228123641 },
        "SE": { "hours": 1.25, "percentage": 3.26512842838485 },
        "Culture": {
          "hours": 0.8833333333333333,
          "percentage": 2.307357422725294
        },
        "FF": {
          "hours": 0.18333333333333335,
          "percentage": 0.47888550282977815
        },
        "IT": {
          "hours": 0.16666666666666666,
          "percentage": 0.4353504571179801
        },
        "Miles": {
          "hours": 0.4166666666666667,
          "percentage": 1.0883761427949503
        },
        "Sheet": {
          "hours": 0.6666666666666667,
          "percentage": 1.7414018284719206
        }
      }
    },
    "19 - 23": {
      "totalHours": 33.61666666666667,
      "categories": {
        "Team": {
          "hours": 0.8333333333333333,
          "percentage": 2.4789291026276645
        },
        "Catching Up": {
          "hours": 0.3333333333333333,
          "percentage": 0.9915716410510658
        },
        "DT": { "hours": 7.333333333333333, "percentage": 21.81457610312345 },
        "DaaS": {
          "hours": 0.7000000000000001,
          "percentage": 2.0823004462072388
        },
        "Isaiah": {
          "hours": 0.8666666666666667,
          "percentage": 2.5780862667327717
        },
        "Optimizing": { "hours": 1.2, "percentage": 3.5696579077838373 },
        "SKD": { "hours": 8.183333333333334, "percentage": 24.343083787803668 },
        "Video": { "hours": 2, "percentage": 5.949429846306396 },
        "Other": { "hours": 1, "percentage": 2.974714923153198 },
        "Lunch": { "hours": 1, "percentage": 2.974714923153198 },
        "NextGen Tec": { "hours": 9.25, "percentage": 27.516113039167077 },
        "Forum": { "hours": 0.25, "percentage": 0.7436787307882995 },
        "SE": { "hours": 0.6666666666666666, "percentage": 1.9831432821021315 }
      }
    },
    "12 - 16": {
      "totalHours": 29.333333333333332,
      "categories": {
        "Catching Up": { "hours": 0.5, "percentage": 1.7045454545454548 },
        "SCO": { "hours": 0.5, "percentage": 1.7045454545454548 },
        "Lunch": { "hours": 1, "percentage": 3.4090909090909096 },
        "DT": { "hours": 4, "percentage": 13.636363636363638 },
        "Team": {
          "hours": 1.5833333333333333,
          "percentage": 5.3977272727272725
        },
        "Forum": { "hours": 3.25, "percentage": 11.079545454545455 },
        "Sheet": {
          "hours": 0.9999999999999999,
          "percentage": 3.4090909090909087
        },
        "Learn": {
          "hours": 0.16666666666666666,
          "percentage": 0.5681818181818182
        },
        "Culture": { "hours": 2, "percentage": 6.818181818181819 },
        "Portal": {
          "hours": 1.1666666666666665,
          "percentage": 3.977272727272727
        },
        "Other": { "hours": 0.25, "percentage": 0.8522727272727274 },
        "DaaS": { "hours": 1.75, "percentage": 5.965909090909091 },
        "SKD": { "hours": 8.166666666666666, "percentage": 27.84090909090909 },
        "Processes": {
          "hours": 1.0833333333333333,
          "percentage": 3.6931818181818183
        },
        "Untracked": { "hours": 0.5, "percentage": 1.7045454545454548 },
        "Isaiah": {
          "hours": 1.1666666666666667,
          "percentage": 3.977272727272728
        },
        "Video": { "hours": 0.5, "percentage": 1.7045454545454548 },
        "Tem": {
          "hours": 0.08333333333333333,
          "percentage": 0.2840909090909091
        },
        "SE": { "hours": 0.6666666666666667, "percentage": 2.272727272727273 }
      }
    },
    "05 - 09": {
      "totalHours": 33.583333333333336,
      "categories": {
        "Learn": {
          "hours": 4.333333333333333,
          "percentage": 12.90322580645161
        },
        "SKD": { "hours": 6.966666666666667, "percentage": 20.744416873449133 },
        "Team": {
          "hours": 1.7000000000000002,